<?xml version="1.0" encoding="UTF-8"?>
<beans xmlns="http://www.springframework.org/schema/beans"	
    xmlns:xsi="http://www.w3.org/2001/XMLSchema-instance"
    xsi:schemaLocation="
    http://www.springframework.org/schema/beans http://www.springframework.org/schema/beans/spring-beans.xsd">
    <bean id="myBean" class="example.spring.core.WelcomeService"/>
    <bean id="userBean" class="example.spring.core.UserService">
       <property name = "userName" value="Pankaja"></property>
       <property name = "userAge" value="24"></property>
    </bean>
    <bean id="userBean2" class="example.spring.core.UserService">
       <constructor-arg value = "Pankaja" index="1"/>
       <constructor-arg value = "24" index="0"/>
    </bean>
</beans>