<?xml version="1.0" encoding="UTF-8"?>
<beans xmlns="http://www.springframework.org/schema/beans"	
    xmlns:xsi="http://www.w3.org/2001/XMLSchema-instance"
    xsi:schemaLocation="
    http://www.springframework.org/schema/beans http://www.springframework.org/schema/beans/spring-beans.xsd">
    <bean id="myContact" class="example.spring.core.ContactInfo">
        <property name="mobileNo" value="8149406199"></property>
        <property name="emailAddress" value="pankajasharma2@gmail.com"></property>
    </bean>
    <bean id="myEducation" class="example.spring.core.EducationInfo">
        <property name="highestDegree" value="MCA"></property>
        <property name="grade" value="A"></property>
    </bean>
    <bean id="myProfile" class="example.spring.core.Profile">
        <property name="candidateId" value="34"></property>
        <property name="name" value="Pankaja"></property>
        <property name="contactDetails" ref="myContact"></property>
        <property name="educationDetails" ref="myEducation"></property>
    </bean>
</beans>